{"_id":{"$oid":"5c62074999ea910f64ea0907"},"username":"kompanija1","password":"$2a$10$UoSNYNronQD8E2c9MDPh.e7.egXwcHPjHiKYsQDEO90P7wD9NBJpC","name":"kompanija1","city":"Beograd","address":"Beogradska 2","numberOfEmployees":{"$numberInt":"12"},"pib":"11111111","email":"kompanija1@etf.rs","website":"www.kompanija1.com","workField":"Telecomunications","specialty":"specijalnost1","image":"uploads\\1549928265662_Capture.PNG","__v":{"$numberInt":"0"}}
{"_id":{"$oid":"5c6207a199ea910f64ea0909"},"username":"kompanija2","password":"$2a$10$VJWJfA8sRqdzEGsnpSdp..EkP.CZTZl7OO9l6uxK9Pk4Vn44gxD.e","name":"kompanija2","city":"Beograd","address":"Beogradska 3","numberOfEmployees":{"$numberInt":"23"},"pib":"22222222","email":"kompanija2@etf.rs","website":"www.kompanija2.com","workField":"Civil Engineering","specialty":"specijalnost2","image":"uploads\\1549928353547_Capture.PNG","__v":{"$numberInt":"0"}}
