{"_id":{"$oid":"5c62090b99ea910f64ea090c"},"finished":true,"locations":["Amfiteatar 56","Amfiteatar 65","Laboratorija 60","Svecana sala - Arhitektura","Ucionica 310","Ucionica 311"],"files":["uploads\\1549928715985_fajl1.json","uploads\\1549928715986_fajl2.json","uploads\\1549928715987_LICENSE","uploads\\1549928715987_package-lock.json","uploads\\1549928715988_README.md"],"applyDeadline":{"$date":{"$numberLong":"1550268000000"}},"cvDeadline":{"$date":{"$numberLong":"1550270715974"}},"name":"JobFair2019","startDate":{"$date":{"$numberLong":"1549008000000"}},"endDate":{"$date":{"$numberLong":"1549209600000"}},"place":"ETF Beograd","about":"Kreiraj svoju buducnost!","packages":[{"content":["Stand 4x velicine","Logo i 2 strane u boji u brosuri","Logo na promo majicama trostruke velicine"],"_id":{"$oid":"5c62090b99ea910f64ea0911"},"title":"Generalni pokrovitelj","videoPromotion":{"$numberInt":"15"},"noLessons":{"$numberInt":"2"},"noWorkshops":{"$numberInt":"1"},"noPresentations":{"$numberInt":"0"},"price":{"$numberInt":"30000"},"maxCompanies":{"$numberInt":"1"},"companiesLeft":{"$numberInt":"1"}},{"content":["Stand 3x velicine","Logo i 2 strane u boji u brosuri","Logo na promo majicama 3x velicine"],"_id":{"$oid":"5c62090b99ea910f64ea0910"},"title":"Zlatni pokrovitelj","videoPromotion":{"$numberInt":"10"},"noLessons":{"$numberInt":"1"},"noWorkshops":{"$numberInt":"1"},"noPresentations":{"$numberInt":"1"},"price":{"$numberInt":"25000"},"maxCompanies":{"$numberInt":"1"},"companiesLeft":{"$numberInt":"1"}},{"content":["Stand 2x velicine","Logo i 2 strane u boji u brosuri","Logo na promo majicama 2x velicine"],"_id":{"$oid":"5c62090b99ea910f64ea090f"},"title":"Srebrni pokrovitelj","videoPromotion":{"$numberInt":"5"},"noLessons":{"$numberInt":"1"},"noWorkshops":{"$numberInt":"0"},"noPresentations":{"$numberInt":"1"},"price":{"$numberInt":"20000"},"maxCompanies":{"$numberInt":"2"},"companiesLeft":{"$numberInt":"2"}},{"content":["Stand 2x velicine","Logo i 1 strane u boji u brosuri","Logo na promo majicama standardne velicine"],"_id":{"$oid":"5c62090b99ea910f64ea090e"},"title":"Bronzani pokrovitelj","videoPromotion":{"$numberInt":"3"},"noLessons":{"$numberInt":"1"},"noWorkshops":{"$numberInt":"0"},"noPresentations":{"$numberInt":"0"},"price":{"$numberInt":"15000"},"maxCompanies":{"$numberInt":"7"},"companiesLeft":{"$numberInt":"7"}},{"content":["Stand 1x velicine","Logo i osnovne info u brosuri"],"_id":{"$oid":"5c62090b99ea910f64ea090d"},"title":"Standardni paket","videoPromotion":{"$numberInt":"0"},"noLessons":{"$numberInt":"0"},"noWorkshops":{"$numberInt":"0"},"noPresentations":{"$numberInt":"0"},"price":{"$numberInt":"10000"},"maxCompanies":{"$numberInt":"-1"},"companiesLeft":{"$numberInt":"-1"}}],"additional":[{"content":[],"_id":{"$oid":"5c62090c99ea910f64ea0916"},"title":"Flajer u brosuri","price":{"$numberInt":"4000"}},{"content":[],"_id":{"$oid":"5c62090c99ea910f64ea0915"},"title":"Prednja unutrasnja korica brosure","price":{"$numberInt":"2000"}},{"content":[],"_id":{"$oid":"5c62090c99ea910f64ea0914"},"title":"Dodatna strana u boji u brosuri","price":{"$numberInt":"3000"}},{"content":[],"_id":{"$oid":"5c62090c99ea910f64ea0913"},"title":"Doplata za brendiranje standa","price":{"$numberInt":"5000"}},{"content":[],"_id":{"$oid":"5c62090b99ea910f64ea0912"},"title":"Dodatna rezentacija kompanije u trajanju 45min","price":{"$numberInt":"10000"}}],"applications":[{"approved":true,"reason":"","_id":{"$oid":"5c62113299ea910f64ea0932"},"companyId":"5c62074999ea910f64ea0907","companyName":"kompanija1","packages":[{"content":["Stand 1x velicine","Logo i osnovne info u brosuri"],"_id":{"$oid":"5c62090b99ea910f64ea090d"},"title":"Standardni paket","videoPromotion":{"$numberInt":"0"},"noLessons":{"$numberInt":"0"},"noWorkshops":{"$numberInt":"0"},"noPresentations":{"$numberInt":"0"},"price":{"$numberInt":"10000"},"maxCompanies":{"$numberInt":"-1"},"companiesLeft":{"$numberInt":"-1"}},{"content":[],"_id":{"$oid":"5c62090c99ea910f64ea0916"},"title":"Flajer u brosuri","price":{"$numberInt":"4000"}},{"content":[],"_id":{"$oid":"5c62090c99ea910f64ea0914"},"title":"Dodatna strana u boji u brosuri","price":{"$numberInt":"3000"}},{"content":[],"_id":{"$oid":"5c62090c99ea910f64ea0913"},"title":"Doplata za brendiranje standa","price":{"$numberInt":"5000"}}]},{"approved":false,"reason":"nebitni ste","_id":{"$oid":"5c62115799ea910f64ea093b"},"companyId":"5c6207a199ea910f64ea0909","companyName":"kompanija2","packages":[{"content":["Stand 4x velicine","Logo i 2 strane u boji u brosuri","Logo na promo majicama trostruke velicine"],"_id":{"$oid":"5c62090b99ea910f64ea0911"},"title":"Generalni pokrovitelj","videoPromotion":{"$numberInt":"15"},"noLessons":{"$numberInt":"2"},"noWorkshops":{"$numberInt":"1"},"noPresentations":{"$numberInt":"0"},"price":{"$numberInt":"30000"},"maxCompanies":{"$numberInt":"1"},"companiesLeft":{"$numberInt":"1"}},{"content":[],"_id":{"$oid":"5c62090c99ea910f64ea0915"},"title":"Prednja unutrasnja korica brosure","price":{"$numberInt":"2000"}},{"content":[],"_id":{"$oid":"5c62090c99ea910f64ea0914"},"title":"Dodatna strana u boji u brosuri","price":{"$numberInt":"3000"}},{"content":[],"_id":{"$oid":"5c62090c99ea910f64ea0913"},"title":"Doplata za brendiranje standa","price":{"$numberInt":"5000"}}]}],"__v":{"$numberInt":"2"},"periods":[]}
