{"_id":{"$oid":"5c6207db99ea910f64ea090a"},"files":["uploads\\1549928410650_package-lock.json","uploads\\1549928410651_uputstvo.txt"],"type":"job","name":"posao2.1","text":"Opis posla1 kompanije 2","deadline":{"$date":{"$numberLong":"1546300800000"}},"companyId":"5c6207a199ea910f64ea0909","companyName":"kompanija2","applications":[{"coverLetterIsFile":false,"accepted":true,"_id":{"$oid":"5c62108499ea910f64ea091e"},"studentId":"5c6206c699ea910f64ea0905","cv":{"_id":{"$oid":"5c62105c99ea910f64ea091c"},"experience":[{"_id":{"$oid":"5c62105c99ea910f64ea091d"},"startDate":{"$date":{"$numberLong":"1443657600000"}},"endDate":{"$date":{"$numberLong":"1475280000000"}},"position":"demosntrator","employer":"etf beograd","activities":null}],"education":[],"languages":[],"name":"Ime1","surname":"Prezime1","address":"Adresa 1","telephone":"01122555","email":"student1@student.etf.rs","website":"www.student1.etf.rs","imAccount":null,"sex":"male","dateOfBirth":{"$date":{"$numberLong":"381456000000"}},"nationality":"srpska","personalStatement":null,"motherTongue":null,"communicationSkills":null,"organisationalSkills":null,"jobRelatedSkills":null,"digitalSkills":null,"otherSkills":null,"drivingLicence":true,"additionalInformation":null},"coverLetter":"pismo preporuke ","rating":{"$numberInt":"8"}}],"__v":{"$numberInt":"3"}}
{"_id":{"$oid":"5c6207e899ea910f64ea090b"},"files":["uploads\\1549928423719_package-lock.json","uploads\\1549928423720_uputstvo.txt"],"type":"internship","name":"posao2.2","text":"Opis posla2 kompanije 2","deadline":{"$date":{"$numberLong":"1575244800000"}},"companyId":"5c6207a199ea910f64ea0909","companyName":"kompanija2","applications":[],"__v":{"$numberInt":"0"}}
