{"_id":{"$oid":"5c6206c699ea910f64ea0905"},"username":"student1","password":"$2a$10$FpYAOKTVEMq1VJnjDCf0e.52yzaQQm2dZqxEPJvY6arTC1JMLppF2","name":"Student1","surname":"Student1","telephone":"111111111","email":"student1@student.etf.rs","currentYear":{"$numberInt":"3"},"graduated":true,"image":"uploads\\1549928134803_Capture.PNG","__v":{"$numberInt":"0"},"cv":{"_id":{"$oid":"5c62105c99ea910f64ea091c"},"name":"Ime1","surname":"Prezime1","address":"Adresa 1","telephone":"01122555","email":"student1@student.etf.rs","website":"www.student1.etf.rs","imAccount":null,"sex":"male","dateOfBirth":{"$date":{"$numberLong":"381456000000"}},"nationality":"srpska","personalStatement":null,"experience":[{"_id":{"$oid":"5c62105c99ea910f64ea091d"},"startDate":{"$date":{"$numberLong":"1443657600000"}},"endDate":{"$date":{"$numberLong":"1475280000000"}},"position":"demosntrator","employer":"etf beograd","activities":null}],"education":[],"motherTongue":null,"languages":[],"communicationSkills":null,"organisationalSkills":null,"jobRelatedSkills":null,"digitalSkills":null,"otherSkills":null,"drivingLicence":true,"additionalInformation":null}}
{"_id":{"$oid":"5c62070099ea910f64ea0906"},"username":"student2","password":"$2a$10$H2rA3ZWD6/wk.avtiaFb0OQU7xOzbmPgQm.VtP/vl9WUZdoeJExNG","name":"Student2","surname":"Student2","telephone":"222222222","email":"student2@student.etf.rs","currentYear":{"$numberInt":"3"},"graduated":false,"image":"uploads\\1549928192883_Capture.PNG","__v":{"$numberInt":"0"}}
